id,price
1,52580.01
2,64710.09
3,23490.26
4,2963.94
5,5876.18
6,6510.53
7,3994.93
8,14047.52
9,4721.6
10,16957.32
11,4525.99
12,4784.25
13,4315.68
14,52470.79
15,40958.93
16,53433.27
17,54550.97
18,6460.67
19,68719.07
20,7106.491999999999
21,7713.45
22,66688.89
23,45442.33
24,5866.36
25,5271.78
26,4580.21
27,6098.34
28,5541.81
29,3752.97
30,6806.79
31,5641.63
32,66639.2
33,60514.05
34,52875.67
35,9556.44
36,5843.54
37,5018.14
38,48048.78
39,5860.5
40,2499.6
41,9626.69
42,77821.54
43,5386.76
44,3656.64
45,14677.68
46,2866.89
47,5908.83
48,13188.33
49,66459.9
50,5699.55
51,5579.03
52,2827.64
53,6715.76
54,4139.64
55,7274.68
56,2916.59
57,4217.26
58,38585.51
59,3263.16
60,65706.83
61,10740.77
62,43612.91
63,6983.44
64,10515.28
65,56296.1
66,58665.19
67,45386.69
68,10836.23
69,50702.03
70,45180.61
71,6034.34
72,6704.79
73,10124.52
74,7807.93
75,11804.75
76,6520.85
77,5937.46
78,3411.56
79,64453.06
80,13301.37
81,5034.82
82,6547.25
83,7689.15
84,5555.5
85,34858.19
86,58891.49
87,5058.09
88,14183.55
89,60212.45
90,4331.54
91,4546.14
92,60424.87
93,58116.14
94,83092.15
95,43085.78
96,9306.21
97,6016.4
98,14931.35
99,6310.75
100,67567.11
101,5269.34
102,8069.79
103,9523.68
104,2564.34
105,5861.65
106,9761.74
107,54096.23
108,54507.72
109,42486.73
110,2410.54
111,43618.23
112,52864.08
113,9083.18
114,2963.81
115,3972.87
116,3274.17
117,5713.24
118,3350.96
119,6026.56
120,15216.9
121,57398.94
122,15239.68
123,5726.35
124,45856.32
125,5916.13
126,6737.73
127,6725.77
128,12128.32
129,65541.06
130,4071.75
131,6324.92
132,55052.85
133,5697.42
134,6442.28
135,4095.53
136,48178.01
137,4733.05
138,7476.54
139,4000.56
140,4823.44
141,3476.54
142,51984.21
143,8702.7
144,1722.98
145,54760.37
146,3000.92
147,6552.97
148,14165.39
149,5596.06
150,4667.41
151,7688.87
152,66476.1
153,7422.09
154,6520.41
155,62502.07
156,6364.75
157,6427.28
158,5402.8
159,6606.32
160,4363.98
161,55252.51
162,6812.93
163,67583.5
164,8550.49
165,58773.88
166,34487.19
167,59584.08
168,5595.55
169,11908.03
170,50048.57
171,1983.19
172,7233.2
173,53350.45
174,55218.83
175,5454.76
176,66795.74
177,3708.54
178,4326.58
179,5813.97
180,74717.8
181,29342.2
182,7411.63
183,13212.34
184,6117.98
185,24602.3
186,6834.87
187,8734.97
188,53164.0
189,11664.3
190,5329.405
191,57106.76
192,3092.08
193,56885.48
194,5344.7
195,5959.97
196,6694.25
197,2516.66
198,15090.11
199,9825.17
200,66063.94
201,67886.21
202,12715.93
203,3811.53
204,7580.8
205,61525.22
206,61084.1
207,4278.39
208,44998.83
209,49867.05
210,8596.86
211,59465.88
212,41248.94
213,4922.42
214,4916.53
215,6530.63
216,49368.65
217,4857.93
218,28744.75
219,7206.46
220,3335.55
221,3996.77
222,4249.18
223,22152.0
224,54394.42
225,50438.52
226,12756.22
227,6717.5
228,9839.06
229,4880.87
230,63411.74
231,5137.39
232,7439.81
233,14257.83
234,12707.98
235,3636.33
236,5940.62
237,3353.83
238,4026.83
239,2382.65
240,11074.24
241,61087.27
242,51576.46
243,3712.25
244,60435.81
245,9922.04
246,49632.82
247,52858.76
248,5182.18
249,4897.29
250,70410.89
251,8183.54
252,5321.65
253,55811.73
254,11160.91
255,6191.87
256,71306.23
257,4693.75
258,3092.2
259,4683.75
260,54487.32
261,3601.11
262,6474.28
263,54696.99
264,4041.29
265,6809.37
266,1660.81
267,42188.7
268,48453.42
269,46689.35
270,9378.75
271,6596.93
272,7584.14
273,48271.56
274,31510.24
275,2241.15
276,9144.78
277,28317.36
278,7795.93
279,32657.2
280,6253.99
281,37985.0
282,5334.85
283,5934.42
284,6830.24
285,50189.25
286,7068.16
287,38099.0
288,5082.12
289,62401.75
290,1813.54
291,1911.64
292,6604.5
293,8316.97
294,6182.34
295,4908.09
296,3827.01
297,53568.09
298,13954.83
299,7856.09
300,5378.24
301,64766.2
302,2690.6
303,7218.92
304,9931.86
305,53305.94
306,6547.34
307,51152.24
308,5253.09
309,57410.2
310,13729.82
311,5484.93
312,53553.61
313,3924.64
314,2539.24
315,4029.46
316,33377.66
317,4388.74
318,5509.97
319,9702.51
320,4435.42
321,4355.21
322,61053.24
323,6028.31
324,3838.46
325,6731.33
326,11750.02
327,6129.76
328,4673.34
329,5561.55
330,3550.82
331,10099.32
332,7904.16
333,67192.44
334,5452.08
335,6863.49
336,11593.06
337,4353.21
338,22338.2
339,13415.88
340,44337.12
341,46369.48
342,53216.09
343,4071.57
344,5880.14
345,13083.84
346,77512.96
347,3393.89
348,3329.18
349,6005.2
350,12711.31
351,4741.88
352,5987.58
353,4999.77
354,4379.27
355,4996.4
356,65031.29
357,51795.29
358,4663.82
359,4543.66
360,51797.8
361,58731.38
362,6246.63
363,51280.39
364,2471.05
365,65736.36
366,28513.95
367,3873.58
368,4609.44
369,6356.38
370,5979.85
371,10420.24
372,4068.17
373,6017.47
374,6003.8
375,12370.0
376,49664.07
377,5671.76
378,52287.0
379,5695.65
380,2124.0
381,63048.52
382,6967.2
383,7366.53
384,4283.55
385,6365.99
386,65822.3
387,64937.73
388,4642.84
389,51882.88
390,59303.24
391,58649.97
392,71046.22
393,7579.38
394,55344.29
395,72512.08
396,55211.07
397,54125.2
398,4390.88
399,7039.92
400,3687.2
401,7785.59
402,6091.73
403,10714.11
404,57699.7
405,58440.79
406,4293.44
407,5967.84
408,64844.89
409,6210.27
410,3888.55
411,6170.08
412,53577.64
413,6835.52
414,5919.27
415,5276.73
416,2629.13
417,28851.45
418,5249.04
419,57017.07
420,11798.05
421,4434.31
422,4735.86
423,4084.61
424,56992.38
425,15224.44
426,4312.61
427,3352.4
428,12773.06
429,2150.0
430,6040.39
431,49177.0
432,6519.68
433,6639.01
434,68378.27
435,2201.0
436,6647.29
437,11241.18
438,14496.67
439,6399.11
440,66416.43
441,8996.59
442,72248.47
443,5116.39
444,3851.75
445,4793.6
446,49972.32
447,56314.68
448,8054.62
449,3708.13
450,51283.69
451,49775.57
452,47547.04
453,4836.82
454,6856.67
455,5766.34
456,2074.7
457,49560.18
458,42722.24
459,10986.99
460,7161.58
461,5821.35
462,5942.61
463,4486.99
464,7175.82
465,1629.84
466,2150.0
467,6134.55
468,6308.21
469,4569.49
470,8524.01
471,8721.89
472,8168.0
473,5192.04
474,6202.3
475,4044.25
476,10409.19
477,12073.63
478,4780.43
479,14472.1525
480,25749.14
481,5923.22
482,5742.51
483,3298.79
484,3572.1
485,10602.07
486,6212.94
487,63615.55
488,5255.27
489,51855.76
490,6838.55
491,50862.76
492,5116.17
493,57060.12
494,51188.5
495,5723.17
496,34970.18
497,5795.36
498,4586.83
499,74827.63
500,44280.0
501,4503.07
502,4452.86
503,63805.3
504,44144.0
505,44369.84
506,8220.69
507,5232.7
508,32551.28
509,2605.72
510,56784.44
511,7526.02
512,6524.6
513,41101.75
514,6776.27
515,73116.67
516,69340.44
517,3604.17
518,45940.32
519,4223.79
520,5865.43
521,71826.9
522,54500.6
523,4288.58
524,4686.5
525,10020.54
526,7058.31
527,6635.29
528,3093.92
529,6156.25
530,17195.82
531,52574.77
532,3993.26
533,55861.26
534,10261.8
535,11228.18
536,60048.32
537,56676.59
538,5726.18
539,4994.13
540,3899.73
541,4876.92
542,2910.72
543,9258.73
544,54845.61
545,79689.9
546,51205.89
547,3870.37
548,7324.54
549,63831.78
550,4504.08
551,55915.63
552,5880.29
553,5743.01
554,5052.97
555,5000.09
556,5567.77
557,57733.56
558,52010.49
559,6029.02
560,43892.59
561,42915.96
562,2677.78
563,6224.49
564,3390.37
565,4307.76
566,49636.19
567,14303.0
568,10033.2
569,7369.65
570,6402.62
571,4676.08
572,16931.74
573,11194.59
574,4407.39
575,49843.27
576,4259.78
577,53808.47
578,4231.07
579,49849.76
580,65576.74
581,36306.58
582,4949.45
583,2339.79
584,2201.0
585,6604.22
586,57174.03
587,12672.39
588,69647.99
589,4452.38
590,3066.62
591,7378.11
592,61968.41
593,75666.32
594,5879.38
595,17038.17
596,66669.65
597,5656.73
598,2786.99
599,11857.33
600,46168.28
601,6467.68
602,4869.89
603,3770.98
604,6283.9
605,53164.0
606,6831.49
607,67136.69
608,33662.53
609,4079.71
610,4895.82
611,53680.24
612,4258.77
613,67394.83
614,8560.99
615,6313.52
616,6703.44
617,4308.66
618,15510.8
619,62619.83
620,52586.59
621,64262.58
622,5881.02
623,6278.15
624,12266.05
625,4126.74
626,4834.95
627,49710.24
628,54774.85
629,5511.36
630,58045.48
631,5568.35
632,68420.88
633,4983.68
634,5350.07
635,3737.56
636,4385.38
637,7140.11
638,60558.06
639,3055.28
640,53209.72
641,39499.0
642,8586.14
643,4441.35
644,3393.87
645,4149.05
646,61808.52
647,76630.04
648,3152.06
649,11268.42
650,8301.05
651,49818.85
652,4301.5
653,63805.59
654,61967.72
655,6192.2
656,6684.59
657,3193.11
658,9986.24
659,54817.28
660,6121.02
661,6290.22
662,4723.87
663,3343.61
664,14063.05
665,5815.5
666,7516.72
667,15676.74
668,4409.66
669,4301.9
670,5227.67
671,56830.74
672,11580.42
673,5110.36
674,27917.76
675,61661.93
676,61693.23
677,33742.69
678,4643.45
679,14601.75
680,7767.09
681,5509.34
682,4945.92
683,7506.42
684,7848.16
685,7339.3
686,8316.39
687,13232.435
688,5075.18
689,4722.43
690,10415.18
691,4322.94
692,56664.05
693,7907.16
694,8348.7
695,4652.24
696,5967.6
697,6479.51
698,2708.15
699,10930.36
700,4521.14
701,60487.84
702,2483.13
703,3777.83
704,6489.97
705,51032.45
706,3996.64
707,51596.12
708,3660.11
709,3176.78
710,50433.71
711,12083.18
712,57321.28
713,41585.88
714,4961.25
715,58123.24
716,5771.91
717,8268.49
718,12437.28
719,24280.14
720,6655.81
721,61812.19
722,56272.24
723,54635.48
724,9515.23
725,39224.12
726,56422.11
727,4159.69
728,3273.34
729,6407.36
730,75864.45
731,28188.76
732,5305.97
733,4746.27
734,3837.8
735,51770.8
736,5549.6
737,3559.07
738,4620.97
739,59247.4
740,55008.84
741,56714.91
742,58489.15
743,4284.63
744,67449.74
745,12264.3
746,6086.72
747,55970.02
748,7540.16
749,56146.25
750,59673.73
751,5242.25
752,6194.2
753,5528.55
754,3852.94
755,5045.94
756,58932.88
757,45883.0
758,5793.56
759,51653.01
760,3566.87
761,8054.01
762,7061.95
763,8069.57
764,6541.87
765,55001.61
766,4545.56
767,72430.0
768,6470.61
769,5021.55
770,6538.98
771,4342.18
772,52529.26
773,78832.37
774,6277.64
775,4532.49
776,40391.17
777,52784.27
778,7127.17
779,4874.91
780,2465.97
781,5339.43
782,42445.88
783,6261.02
784,23462.26
785,7285.11
786,7560.3
787,12543.68
788,4553.68
789,71188.88
790,17196.14
791,47668.16
792,32944.42
793,8099.24
794,32323.8
795,23278.66
796,64690.24
797,5265.18
798,7516.33
799,8131.53
800,1709.82
801,14589.29
802,6557.9
803,3863.12
804,53478.04
805,6325.2
806,25197.86
807,73567.04
808,13105.05
809,47320.22
810,9940.0
811,43034.91
812,6493.87
813,5022.35
814,63137.81
815,7164.1
816,8685.3
817,6327.93
818,5458.69
819,4557.67
820,62684.92
821,51366.47
822,5894.26
823,24046.3
824,52123.73
825,48036.52
826,5375.25
827,58525.84
828,2441.21
829,55019.38
830,6162.58
831,10453.76
832,3908.645
833,61603.13
834,63845.06
835,6344.57
836,4462.14
837,45306.78
838,15947.99
839,5570.94
840,11256.32
841,58699.56
842,48116.52
843,2812.95
844,24218.54
845,5765.98
846,66862.43
847,43376.0
848,8873.38
849,5325.0
850,14244.24
851,4172.62
852,7659.02
853,4095.23
854,44144.0
855,16852.23
856,4939.74
857,54684.0
858,4707.29
859,6164.25
860,8343.78
861,5156.55
862,2451.86
863,53831.95
864,5902.07
865,2675.38
866,12350.86
867,58436.08
868,2124.08
869,3899.45
870,67365.36
871,5239.38
872,17420.67
873,46190.88
874,8600.1
875,60955.4
876,6429.02
877,3384.19
878,45755.79
879,4303.94
880,60907.92
881,4464.18
882,4507.59
883,9268.74
884,4304.68
885,6700.44
886,6087.06
887,4232.47
888,52769.79
889,39499.0
890,2250.41
891,6401.77
892,2245.25
893,3239.53
894,62398.83
895,9576.52
896,61142.84
897,5179.55
898,60389.84
899,6538.12
900,5612.4
901,53699.8
902,45059.91
903,9645.05
904,4858.95
905,6362.57
906,5228.69
907,52558.49
908,62394.4
909,6122.94
910,6519.14
911,6024.17
912,5200.47
913,63265.42
914,4734.64
915,5682.01
916,55278.76
917,5829.33
918,34382.04
919,3339.42
920,11642.8
921,57581.38
922,14112.425
923,55228.19
924,4755.06
925,54632.65
926,4340.65
927,66558.31
928,5587.95
929,28679.79
930,12932.62
931,11142.38
932,3970.26
933,49177.0
934,4498.84
935,4764.32
936,4692.04
937,5343.01
938,48280.93
939,13386.0
940,5847.41
941,5472.66
942,64193.16
943,6229.35
944,5280.54
945,2414.33
946,9429.55
947,58584.35
948,2208.8
949,69325.48
950,61613.91
951,44303.49
952,54195.54
953,2451.08
954,13389.53
955,3743.84
956,53486.8
957,6314.22
958,8561.54
959,3570.47
960,66361.74
961,53321.0
962,5560.26
963,11741.0
964,4439.06
965,5414.33
966,5882.25
967,65935.99
968,11206.0
969,4705.75
970,3773.76
971,6746.39
972,60123.08
973,4316.76
974,50773.65
975,60188.84
976,61952.28
977,4365.71
978,72301.08
979,5902.48
980,5510.19
981,10322.62
982,60208.85
983,5935.99
984,5657.52
985,5479.74
986,6861.85
987,13192.45
988,5310.23
989,3352.49
990,6571.7
991,53634.82
992,61720.85
993,7166.81
994,54121.72
995,12172.17
996,4082.52
997,5370.71
998,6403.36
999,9592.066666666666
1000,4241.98
1001,3598.08
1002,10316.23
1003,60505.76
1004,3623.31
1005,13562.57
1006,12533.85
1007,4203.93
1008,3665.83
1009,18923.28
1010,2634.64
1011,31655.11
1012,49717.58
1013,4575.02
1014,58511.87
1015,61977.24
1016,39234.01
1017,42394.11
1018,10843.84
1019,9049.55
1020,3081.94
1021,12690.88
1022,5016.69
1023,3307.63
1024,54865.12
1025,12344.0
1026,57838.87
1027,4207.36
1028,49471.9
1029,5151.44
1030,54684.0
1031,4682.33
1032,3204.31
1033,42211.97
1034,7441.57
1035,5449.46
1036,28630.36
1037,5462.7
1038,43484.0
1039,3791.86
1040,3225.78
1041,58956.15
1042,33200.14
1043,9916.24
1044,6269.01
1045,6268.32
1046,62242.44
1047,36979.16
1048,4534.58
1049,6386.66
1050,2122.71
1051,2911.87
1052,5301.22
1053,5702.15
1054,61755.44
1055,3085.29
1056,6476.42
1057,8306.24
1058,9825.12
1059,7278.03
1060,3770.77
1061,63926.2
1062,49296.04
1063,4140.73
1064,8006.81
1065,11057.77
1066,5082.58
1067,14369.48
1068,20752.76
1069,39290.56
1070,1731.4
1071,4669.26
1072,44070.51
1073,58007.58
1074,16479.97
1075,12216.17
1076,5916.93
1077,7517.2
1078,4774.24
1079,17299.9
1080,4220.35
1081,42535.24
1082,4725.75
1083,5501.9
1084,12926.4
1085,5013.34
1086,6868.27
1087,10773.04
1088,6673.79
1089,14830.55
1090,5809.99
1091,6382.16
1092,12427.74
1093,6113.65
1094,5949.42
1095,9088.07
1096,51973.72
1097,64703.59
1098,4777.47
1099,4605.15
1100,44517.37
1101,3200.35
1102,14009.45
1103,3582.41
1104,61017.58
1105,2665.4
1106,8076.17
1107,5034.63
1108,7609.83
1109,57699.42
1110,2441.72
1111,12534.3
1112,54399.15
1113,6359.82
1114,51787.81
1115,12146.26
1116,4234.12
1117,63063.02
1118,44144.0
1119,6581.28
1120,4285.68
1121,3743.65
1122,2074.47
1123,5494.3
1124,4565.29
1125,51991.78
1126,6587.34
1127,5311.67
1128,47542.75
1129,5689.3
1130,4833.96
1131,11587.57
1132,6262.0
1133,67000.5
1134,5955.65
1135,5616.54
1136,4893.59
1137,7507.24
1138,28099.02
1139,5936.57
1140,3636.89
1141,4939.66
1142,6308.18
1143,2534.84
1144,6596.14
1145,44399.69
1146,60884.76
1147,12875.6
1148,41101.0
1149,8210.26
1150,2901.0
1151,4136.79
1152,13270.78
1153,4404.27
1154,10128.86
1155,14304.81
1156,6515.66
1157,5188.38
1158,47761.4
1159,5838.99
1160,2849.1
1161,5675.56
1162,5867.42
1163,5852.06
1164,75141.99
1165,5651.06
1166,49111.95
1167,7025.66
1168,5721.27
1169,12701.01
1170,4434.56
1171,6104.07
1172,33885.68
1173,2898.45
1174,6864.23
1175,2825.64
1176,4292.06
1177,2118.24
1178,4609.42
1179,14794.54
1180,4350.19
1181,5401.46
1182,6438.64
1183,38130.95
1184,61101.69
1185,17743.81
1186,6409.96
1187,55209.32
1188,2806.7
1189,6060.11
1190,14602.58
1191,68205.58
1192,55762.54
1193,17286.86
1194,4944.3
1195,3225.46
1196,13064.04
1197,73616.86
1198,13462.285
1199,5670.36
1200,5972.3
1201,11781.58
1202,22152.16
1203,5907.48
1204,54392.35
1205,6044.9
1206,14316.86
1207,4539.55
1208,6202.71
1209,8191.95
1210,6032.83
1211,57272.45
1212,55374.37
1213,3875.65
1214,5024.63
1215,4293.69
1216,17353.34
1217,3390.77
1218,3073.0
1219,62107.58
1220,29513.15
1221,74350.41
1222,3935.95
1223,4021.41
1224,48169.22
1225,51882.77
1226,4576.04
1227,5167.6
1228,4489.77
1229,10322.24
1230,49972.92
1231,4525.27
1232,5248.18
1233,4290.18
1234,5830.43
1235,60442.59
1236,5319.93
1237,61726.49
1238,4670.74
1239,9159.47
1240,11974.63
1241,51598.36
1242,6361.29
1243,58014.4
1244,5740.13
1245,6183.51
1246,6191.82
1247,5726.08
1248,4779.86
1249,7139.36
1250,6922.42
1251,4643.67
1252,56788.35
1253,59477.99
1254,2339.0
1255,3862.06
1256,54479.01
1257,5699.8
1258,5198.65
1259,5564.55
1260,11966.51
1261,3743.38
1262,8790.33
1263,12475.839500000002
1264,39629.79
1265,4227.56
1266,34776.04
1267,4894.79
1268,7001.52
1269,7893.76
1270,61678.08
1271,7304.38
1272,5266.91
1273,17548.229166666668
1274,10658.32
1275,6949.84
1276,4367.23
1277,76633.05
1278,11083.05
1279,12843.55
1280,71554.31
1281,23982.24
1282,58411.36
1283,4529.87
1284,5547.82
1285,3641.17
1286,57050.99
1287,6826.48
1288,77410.22
1289,5493.78
1290,8744.3
1291,6352.31
1292,52452.51
1293,8495.26
1294,11413.56
1295,5198.45
1296,53055.68
1297,4455.07
1298,11000.84
1299,11994.4
1300,8849.04
1301,7654.2775
1302,52998.5
1303,2424.33
1304,4039.07
1305,7101.41
1306,4454.12
1307,4338.75
1308,6637.37
1309,54023.68
1310,76798.18
1311,6010.77
1312,13466.07
1313,50091.73
1314,37985.0
1315,10457.74
1316,13035.29
1317,5576.22
1318,6100.13
1319,2484.41
1320,20288.64
1321,6039.91
1322,7789.26
1323,2124.0
1324,6143.95
1325,49496.64
1326,3057.93
1327,6080.03
1328,62946.35
1329,4540.34
1330,6889.41
1331,6732.32
1332,11335.33
1333,1983.83
1334,12973.41
1335,8334.86
1336,6807.5
1337,42055.93
1338,7244.77
1339,5348.96
1340,10192.79
1341,9855.54
1342,2359.35
1343,2416.19
1344,8542.76
1345,2169.0
1346,67249.89
1347,4711.31
1348,46974.7
1349,5691.84
1350,6316.38
1351,11282.4
1352,10093.22
1353,10908.0
1354,4401.8
1355,9726.28
1356,47008.65
1357,29291.61
1358,10212.38
1359,8808.58
1360,12819.43
1361,4670.6
1362,44517.25
1363,8543.62
1364,8047.79
1365,44280.0
1366,67607.12
1367,12077.81
1368,7405.75
1369,52242.79
1370,60415.44
1371,4599.27
1372,20925.28
1373,6835.37
1374,45672.0
1375,4858.37
1376,9663.25
1377,5229.42
1378,4240.11
1379,4551.43
1380,54967.9
1381,4618.8
1382,72084.72
1383,51505.75
1384,41644.61
1385,6455.56
1386,4394.69
1387,2452.83
1388,5977.12
1389,57326.2
1390,5545.72
1391,46953.63
1392,2108.31
1393,49836.64
1394,51697.0
1395,2697.55
1396,4927.36
1397,6668.49
1398,54608.0
1399,35590.13
1400,68696.45
1401,9781.26
1402,58281.17
1403,6519.46
1404,2410.66
1405,32769.9
1406,9268.38
1407,78071.47
1408,10938.28
1409,3990.7
1410,45597.57
1411,11113.53
1412,6714.2
1413,66122.16
1414,12783.37
1415,57230.4
1416,5813.85
1417,6163.22
1418,2150.0
1419,4905.21
1420,5494.92
1421,49263.28
1422,4251.3
1423,40282.91
1424,6020.22
1425,49915.32
1426,4374.97
1427,8184.58
1428,44144.0
1429,2916.87
1430,3671.71
1431,42738.39
1432,59872.54
1433,3436.38
1434,1859.02
1435,3139.69
1436,73270.37
1437,7488.15
1438,28679.45
1439,60732.66
1440,45387.4
1441,7393.0
1442,66554.4
1443,52281.11
1444,7345.42
1445,62734.81
1446,52864.6
1447,10501.49
1448,42607.53
1449,3022.39
1450,66893.44
1451,3668.32
1452,48941.73
1453,5156.45
1454,6874.81
1455,4451.63
1456,41603.35
1457,51691.31
1458,6884.32
1459,2775.73
1460,3607.53
1461,13659.67
1462,6028.91
1463,48656.22
1464,3000.58
1465,3523.94
1466,2564.86
1467,45184.4
1468,44280.0
1469,52302.84
1470,3389.69
1471,13993.25
1472,15241.0225
1473,3653.85
1474,55793.3
1475,3984.47
1476,12470.41
1477,45380.96
1478,5000.39
1479,7326.56
1480,13471.54
1481,42622.8
1482,45879.37
1483,4181.49
1484,4512.58
1485,6577.71
1486,11765.87
1487,6768.03
1488,39099.69
1489,6589.65
1490,8574.75
1491,7355.27
1492,45796.5
1493,52770.44
1494,10584.15
1495,54494.59
1496,60844.59
1497,2550.48
1498,7404.2
1499,5045.05
1500,6097.69
1501,7532.91
1502,10454.59
1503,4129.92
1504,12722.18
1505,4764.43
1506,74528.37
1507,3641.52
1508,71091.78
1509,44080.31
1510,60963.64
1511,6782.27
1512,60563.22
1513,49177.0
1514,5896.82
1515,41602.31
1516,38391.54
1517,4682.58
1518,5465.02
1519,74203.18
1520,5251.04
1521,4628.55
1522,3183.59
1523,5843.24
1524,57038.74
1525,9800.38
1526,11708.07
1527,12713.78
1528,38156.12
1529,6152.55
1530,7127.9
1531,46234.4
1532,6629.48
1533,39899.48
1534,8975.7
1535,8606.9
1536,41382.08
1537,11636.58
1538,13475.63
1539,4040.45
1540,5773.83
1541,7166.53
1542,59455.25
1543,9108.67
1544,43364.55
1545,28013.85
1546,54684.0
1547,25095.08
1548,11765.22
1549,5826.83
1550,38994.79
1551,5964.18
1552,8691.74
1553,66964.67
1554,7890.17
1555,4785.06
1556,4807.3
1557,7552.53
1558,33552.34
1559,11186.21
1560,82711.79
1561,7358.45
1562,4725.92
1563,59933.95
1564,69281.95
1565,6813.15
1566,7496.88
1567,6044.0
1568,7808.15
1569,54206.0
1570,3447.17
1571,8215.72
1572,4639.87
1573,3322.44
1574,18750.68
1575,55598.75
1576,13849.26
1577,7505.33
1578,55377.0
1579,5340.79
1580,6391.14
1581,51496.52
1582,2729.01
1583,67973.72
1584,4809.41
1585,5186.0
1586,12464.44
1587,4242.0
1588,4842.37
1589,45499.23
1590,74526.96
1591,51410.67
1592,5499.51
1593,7271.09
1594,1860.95
1595,7756.82
1596,3150.71
1597,6047.78
1598,22332.92
1599,5499.32
1600,54797.52
1601,10934.52
1602,11391.01
1603,5791.47
1604,9906.53
1605,7545.49
1606,59947.21
1607,3543.56
1608,9156.91
1609,4638.68
1610,59102.78
1611,3975.26
1612,5345.39
1613,5222.16
1614,4600.76
1615,51597.24
1616,40386.9
1617,51147.34
1618,4746.16
1619,6013.14
1620,56269.14
1621,64862.98
1622,4971.4
1623,4332.13
1624,3938.55
1625,5160.19
1626,6804.27
1627,70234.6
1628,8585.68
1629,46618.51
1630,53126.22
1631,9474.96
1632,5371.13
1633,9926.37
1634,4727.86
1635,8457.73
1636,7479.18
1637,11973.17
1638,9113.61
1639,5136.86
1640,5865.17
1641,74485.51
1642,14467.06
1643,12386.22
1644,7072.54
1645,60421.09
1646,6418.86
1647,62007.9
1648,44113.2
1649,6242.33
1650,14051.09
1651,60330.03
1652,11736.36
1653,56833.15
1654,2491.4
1655,17279.94
1656,4682.39
1657,5786.24
1658,55706.08
1659,4374.09
1660,6456.88
1661,52155.29
1662,6450.84
1663,5335.1
1664,55418.07
1665,5253.68
1666,2898.54
1667,11294.38
1668,7873.65
1669,4379.84
1670,51334.69
1671,55878.84
1672,5215.37
1673,4037.2
1674,13505.5
1675,32912.95
1676,60502.4
1677,1969.59
1678,56828.57
1679,5449.57
1680,58654.36
1681,4898.19
1682,56522.14
1683,5362.87
1684,5035.47
1685,4180.17
1686,2415.08
1687,3560.07
1688,6167.17
1689,1731.4
1690,1629.84
1691,5375.31
1692,5543.58
1693,5123.29
1694,58361.57
1695,2416.9
1696,3493.96
1697,6633.3
1698,3973.54
1699,55050.68
1700,6877.04
1701,5415.21
1702,5997.51
1703,5546.2
1704,2896.23
1705,9607.67
1706,6072.11
1707,6458.64
1708,4737.0
1709,7289.79
1710,5430.27
1711,7146.46
1712,15346.89
1713,5839.11
1714,6088.39
1715,44591.9
1716,4664.18
1717,4286.69
1718,9006.51
1719,2297.5
1720,54406.23
1721,22301.72
1722,6039.54
1723,6073.38
1724,7871.31
1725,68526.87
1726,51868.34
1727,6210.23
1728,57606.2
1729,5573.52
1730,4485.99
1731,59456.06
1732,5879.78
1733,19492.37
1734,5649.48
1735,5864.39
1736,38807.07
1737,49177.0
1738,13131.91
1739,2911.62
1740,5290.24
1741,6256.95
1742,1633.93
1743,2055.87
1744,8001.77
1745,5205.01
1746,2577.92
1747,13440.25
1748,5063.445
1749,50485.5
1750,5872.41
1751,53921.39
1752,9294.36
1753,4650.33
1754,69120.44
1755,6055.9
1756,40207.53
1757,52739.56
1758,7291.31
1759,62562.18
1760,26005.68
1761,60080.2
1762,8707.23
1763,5267.13
1764,2149.97
1765,8072.96
1766,2034.11
1767,4980.96
1768,5715.39
1769,9797.18
1770,6583.05
1771,5662.62
1772,13094.17
1773,56350.72
1774,3557.09
1775,59007.43
1776,7075.74
1777,4617.11
1778,7945.06
1779,1122.31
1780,57481.72
1781,10131.01
1782,4789.68
1783,74988.25
1784,5736.78
1785,41694.35
1786,6383.99
1787,6964.32
1788,12928.4
1789,6666.71
1790,2367.45
1791,4314.26
1792,14048.07
1793,4001.29
1794,8991.92
1795,10069.83
1796,6178.78
1797,6177.61
1798,65056.31
1799,1853.08
1800,4824.43
1801,5148.6
1802,5742.08
1803,2916.74
1804,63487.64
1805,13453.0
1806,3242.5
1807,6881.97
1808,5468.12
1809,7167.24
1810,70288.25
1811,5913.31
1812,4800.38
1813,81864.93
1814,6319.72
1815,8664.61
1816,5499.8
1817,66011.28
1818,4405.33
1819,1997.48
1820,7034.25
1821,9185.13
1822,53157.54
1823,25504.82
1824,7892.04
1825,12193.06
1826,7033.11
1827,14457.21
1828,54608.0
1829,16486.54
1830,6195.15
1831,22217.14
1832,39546.49
1833,4162.86
1834,4225.71
1835,27913.95
1836,1967.07
1837,6485.07
1838,5145.43
1839,12326.6675
1840,74182.6
1841,5037.53
1842,56972.92
1843,57980.04
1844,14036.52
1845,18286.24
1846,6154.5
1847,5203.24
1848,7223.78
1849,8732.08
1850,6824.11
1851,10182.76
1852,6326.4
1853,4435.01
1854,11355.33
1855,5866.49
1856,5428.37
1857,55715.72
1858,10260.0
1859,5889.36
1860,8604.94
1861,5172.97
1862,52643.87
1863,4348.34
1864,4129.08
1865,62931.68
1866,15922.28
1867,5567.08
1868,5068.0
1869,4386.53
1870,6919.95
1871,3620.53
1872,69045.63
1873,9470.45
1874,6444.91
1875,5166.87
1876,6810.28
1877,14721.796666666665
1878,45878.31
1879,5015.01
1880,2384.51
1881,13896.09
1882,12186.8
1883,10077.99
1884,5953.7
1885,2596.2
1886,2483.03
1887,54870.14
1888,7227.16
1889,4517.34
1890,55153.43
1891,6170.49
1892,5518.97
1893,4139.14
1894,5538.26
1895,6095.64
1896,54489.26
1897,9155.53
1898,2036.43
1899,4410.69
1900,8860.49
1901,4437.24
1902,5167.98
1903,7353.84
1904,5353.51
1905,13510.06
1906,37985.0
1907,1806.68
1908,5463.22
1909,5735.91
1910,3350.2
1911,10040.57
1912,7958.49
1913,4667.95
1914,14644.11
1915,7070.39
1916,6264.97
1917,41352.75
1918,6470.69
1919,5000.44
1920,5592.93
1921,6253.63
1922,74957.68
1923,2225.55
1924,62812.41
1925,5183.14
1926,3560.08
1927,56523.36
1928,6687.12
1929,5199.94
1930,2246.12
1931,8147.09
1932,6363.36
1933,11955.65
1934,14152.05
1935,3437.74
1936,52363.98
1937,8426.34
1938,6553.67
1939,4996.04
1940,2650.9
1941,54313.26
1942,11322.01
1943,6221.39
1944,6007.09
1945,51955.39
1946,2594.09
1947,13583.87
1948,4905.43
1949,5363.79
1950,9979.74
1951,2133.45
1952,8005.86
1953,50208.47
1954,10995.5
1955,60147.46
1956,15472.25
1957,4988.4
1958,43139.48
1959,5927.52
1960,4883.42
1961,51598.36
1962,6973.95
1963,40902.74
1964,53911.4
1965,3504.21
1966,33316.27
1967,11645.08
1968,3021.71
1969,17116.07
1970,5330.59
1971,4581.52
1972,2207.42
1973,39515.02
1974,3542.49
1975,13014.825
1976,4336.55
1977,5884.07
1978,58088.81
1979,4204.15
1980,5932.09
1981,4971.1
1982,62487.31
1983,41420.74
1984,4454.06
1985,64536.14
1986,56497.2
1987,9071.07
1988,50468.16
1989,56200.56
1990,51207.28
1991,5841.45
1992,5519.6
1993,4714.16
1994,3780.57
1995,2345.21
1996,1812.49
1997,10741.55
1998,4830.1
1999,1789.2
2000,7001.7
2001,66000.28
2002,4229.28
2003,3487.21
2004,67397.73
2005,2355.36
2006,6963.17
2007,46858.59
2008,34348.8
2009,61646.5
2010,11778.09
2011,4397.74
2012,6337.35
2013,4989.65
2014,12569.35
2015,12197.94
2016,11755.41
2017,10769.65
2018,8594.6
2019,10887.92
2020,3923.22
2021,8921.53
2022,7000.8
2023,5750.22
2024,9504.81
2025,12881.76
2026,9337.15
2027,2879.56
2028,5983.97
2029,6766.95
2030,4119.01
2031,15821.18
2032,42457.0
2033,3127.38
2034,32306.23
2035,41069.37
2036,6728.55
2037,3373.73
2038,51482.28
2039,66588.65
2040,55375.14
2041,58834.16
2042,6657.47
2043,4448.37
2044,7958.52
2045,51167.56
2046,51277.21
2047,39529.22
2048,4553.6
2049,5488.85
2050,5194.25
2051,2303.66
2052,40786.64
2053,57025.3
2054,6787.44
2055,60300.47
2056,46107.78
2057,61978.09
2058,7117.21
2059,3477.61
2060,4508.84
2061,62312.14
2062,5093.04
2063,5534.35
2064,5328.32
2065,6310.97
2066,5886.44
2067,6662.17
2068,7074.82
2069,7991.51
2070,4772.13
2071,2567.79
2072,62485.04
2073,4604.32
2074,7007.11
2075,64642.72
2076,13916.6
2077,1902.32
2078,7592.32
2079,6084.91
2080,4297.49
2081,53477.37
2082,5398.84
2083,4227.46
2084,1755.29
2085,49723.88
2086,5349.28
2087,65170.86
2088,74211.79
2089,4362.19
2090,3813.32
2091,12050.32
2092,5063.61
2093,3689.45
2094,64109.52
2095,13299.68
2096,57957.59
2097,12233.02
2098,5967.05
2099,57490.39
2100,8336.94
2101,7799.8
2102,3559.58
2103,69400.2
2104,64251.4
2105,49759.84
2106,5417.06
2107,7682.22
2108,4221.75
2109,11153.93
2110,56042.21
2111,5204.59
2112,8065.21
2113,3851.19
2114,55185.48
2115,6582.8
2116,42672.9
2117,5883.04
2118,6197.27
2119,49176.57
2120,5125.31
2121,44474.59
2122,6110.41
2123,49594.19
2124,7509.24
2125,64594.68
2126,3132.08
2127,48578.27
2128,4112.11
2129,58858.33
2130,5091.09
2131,51814.08
2132,58046.8
2133,3560.16
2134,5978.91
2135,2949.25
2136,3147.87
2137,6200.43
2138,45884.01
2139,5920.67
2140,8397.66
2141,5087.71
2142,57728.63
2143,7458.72
2144,55756.01
2145,4262.29
2146,5111.94
2147,5209.86
2148,4473.16
2149,8711.48
2150,6527.81
2151,6139.7
2152,7928.13
2153,45687.15
2154,50558.51
2155,31807.44
2156,5058.01
2157,12922.76
2158,15744.81
2159,9368.53
2160,7783.51
2161,51597.99
2162,4829.43
2163,60587.65
2164,7789.34
2165,7978.15
2166,4340.06
2167,50167.99
2168,57894.14
2169,5646.54
2170,5712.58
2171,51233.81
2172,4097.88
2173,4865.79
2174,3039.86
2175,5441.35
2176,38445.46
2177,50256.64
2178,56981.23
2179,7536.25
2180,64125.06
2181,3094.62
2182,40879.05
2183,41326.56
2184,5061.39
2185,6816.69
2186,8473.83
2187,15217.64
2188,8352.5
2189,6182.45
2190,10647.62
2191,43321.36
2192,6445.45
2193,6453.15
2194,2209.34
2195,4896.04
2196,61390.44
2197,62472.42
2198,55773.64
2199,3334.53
2200,4389.86
2201,5423.99
2202,5779.9
2203,6787.75
2204,8891.17
2205,5052.97
2206,4496.39
2207,77913.76
2208,5165.56
2209,68156.48
2210,11841.48
2211,12789.92
2212,47950.55
2213,66701.96
2214,10962.78
2215,4910.02
2216,7222.24
2217,56667.54
2218,51747.56
2219,3418.64
2220,55261.45
2221,5305.84
2222,3040.18
2223,5719.21
2224,4508.19
2225,4040.5
2226,6384.36
2227,5175.01
2228,10456.01
2229,11470.05
2230,3740.78
2231,2311.89
2232,59273.91
2233,14459.2
2234,6351.26
2235,57290.81
2236,5024.82
2237,11731.52
2238,5740.65
2239,7104.93
2240,58604.34
2241,10135.36
2242,4475.57
2243,40632.53
2244,2150.0
2245,5372.98
2246,8605.7
2247,4228.44
2248,7787.84
2249,4654.4
2250,7040.18
2251,10072.29
2252,53187.5
2253,8364.37
2254,48859.66
2255,5015.23
2256,6041.99
2257,3144.01
2258,5903.83
2259,5640.05
2260,7496.06
2261,8214.68
2262,10675.59
2263,10343.7
2264,6467.61
2265,2679.24
2266,27263.78
2267,41292.6
2268,11082.49
2269,5978.64
2270,5252.05
2271,2830.39
2272,5100.78
2273,2124.0
2274,52932.65
2275,48571.01
2276,2963.97
2277,9008.83
2278,2474.51
2279,8361.59
2280,41292.71
2281,4593.95
2282,62032.81
2283,61917.79
2284,8443.53
2285,8950.21
2286,46173.67
2287,62561.58
2288,2281.01
2289,5590.08
2290,4033.6
2291,4789.37
2292,2246.06
2293,17792.39
2294,9606.81
2295,6674.46
2296,6349.62
2297,27848.7
2298,6756.56
2299,12759.56
2300,3398.04
2301,44144.0
2302,5710.65
2303,58238.93
2304,7907.66
2305,44046.18
2306,6171.95
2307,16145.05
2308,69449.4
2309,4475.61
2310,8066.71
2311,60357.69
2312,13553.44
2313,46397.95
2314,4767.11
2315,14911.73
2316,5157.89
2317,53164.0
2318,23474.68
2319,12309.32
2320,6665.52
2321,55148.68
2322,4326.73
2323,17367.09
2324,9172.55
2325,6192.74
2326,5849.99
2327,11536.1
2328,34817.4
2329,7393.42
2330,6020.35
2331,46092.44
2332,8839.75
2333,6945.79
2334,12139.81
2335,52890.57
2336,49219.97
2337,53052.12
2338,2191.19
2339,39515.02
2340,9188.38
2341,39820.26
2342,5000.73
2343,54616.37
2344,6607.58
2345,55588.07
2346,4423.99
2347,9021.16
2348,10310.95
2349,5847.01
2350,55495.32
2351,4270.34
2352,4639.46
2353,4717.45
2354,2533.84
2355,5463.49
2356,38678.26
2357,55483.72
2358,4781.97
2359,5736.7
2360,8331.79
2361,56678.15
2362,63209.07
2363,4738.12
2364,50006.25
2365,6684.49
2366,63376.59
2367,4055.38
2368,74886.74
2369,59171.14
2370,6071.37
2371,6365.531999999999
2372,5452.57
2373,5365.44
2374,4515.69
2375,3983.66
2376,44113.2
2377,13007.52
2378,55440.44
2379,4835.17
2380,24904.29
2381,4059.82
2382,10028.84
2383,75515.53
2384,8576.75
2385,10778.0
2386,52177.02
2387,4770.02
2388,6233.01
2389,2851.73
2390,49714.74
2391,5495.56
2392,11399.14
2393,8068.65
2394,13473.48
2395,22225.46
2396,49768.64
2397,4454.24
2398,9432.55
2399,7269.64
2400,16526.976666666666
2401,61732.51
2402,4447.06
2403,28177.4
2404,46631.21
2405,6489.95
2406,4481.42
2407,4542.58
2408,10188.33
2409,11769.12
2410,39362.02
2411,6673.71
2412,5989.21
2413,3049.51
2414,62957.92
2415,9925.85
2416,43809.74
2417,12471.71
2418,4712.31
2419,6185.23
2420,6227.77
2421,8034.07
2422,66409.2
2423,4588.19
2424,2356.75
2425,5664.89
2426,64375.43
2427,5332.63
2428,48653.23
2429,62510.23
2430,13172.22
2431,22233.5
2432,66645.64
2433,7582.64
2434,6162.38
2435,7739.71
2436,4363.75
2437,51802.44
2438,51221.64
2439,4686.25
2440,51090.52
2441,4166.67
2442,7473.32
2443,6137.29
2444,2578.19
2445,3000.0
2446,12596.6
2447,7345.01
2448,7181.89
2449,4854.79
2450,5805.69
2451,3904.15
2452,10738.2
2453,6857.57
2454,49035.22
2455,14011.39
2456,52287.0
2457,23944.0
2458,15839.92
2459,39205.74
2460,44319.34
2461,7203.44
2462,6112.49
2463,5926.88
2464,6990.2
2465,4460.01
2466,1961.28
2467,4463.93
2468,6400.19
2469,5078.53
2470,5589.35
2471,7614.94
2472,4039.49
2473,4562.14
2474,4502.31
2475,8381.58
2476,4092.9
2477,4039.4
2478,12329.55
2479,72727.27
2480,5164.41
2481,32796.9
2482,6085.07
2483,66369.21
2484,52892.08
2485,58919.42
2486,6197.34
2487,5439.56
2488,53153.87
2489,2305.12
2490,8215.1
2491,61660.22
2492,13305.22
2493,4942.08
2494,4587.95
2495,4425.93
2496,5242.43
2497,2474.01
2498,10526.81
2499,65625.0
2500,3944.23
2501,52935.83
2502,9659.77
2503,3134.61
2504,15175.79
2505,55356.39
2506,2670.56
2507,17644.65
2508,10354.675
2509,3958.12
2510,4667.24
2511,53359.93
2512,11297.14
2513,3576.55
2514,6127.44
2515,12867.96
2516,5088.75
2517,2448.79
2518,51922.28
2519,63331.2
2520,60505.76
2521,4968.75
2522,77291.42
2523,55937.74
2524,52959.51
2525,64423.99
2526,6266.7
2527,6571.75
2528,13959.73
2529,3074.92
2530,6969.72
2531,58783.45
2532,61751.14
2533,5349.59
2534,46224.03
2535,6690.75
2536,8110.4
2537,4000.13
2538,8495.51
2539,3322.88
2540,57801.91
2541,12169.81
2542,12459.76
2543,26656.0
2544,23182.42
2545,5303.55
2546,54684.0
2547,6100.59
2548,2113.28
2549,40402.98
2550,6180.66
2551,4964.16
2552,8917.65
2553,7200.7
2554,44144.0
2555,67200.24
2556,7916.41
2557,6132.39
2558,2344.98
2559,3021.71
2560,7982.55
2561,7023.82
2562,5929.29
2563,13692.62
2564,4598.87
2565,14006.72
2566,13719.97
2567,3423.76
2568,9146.39
2569,9503.05
2570,49020.07
2571,70942.81
2572,2124.0
2573,3244.1
2574,52318.9
2575,4733.87
2576,46972.85
2577,68319.49
2578,7761.65
2579,3413.01
2580,67636.29
2581,54645.07
2582,56963.84
2583,48076.82
2584,5526.47
2585,6224.7
2586,5038.36
2587,58603.09
2588,7154.03
2589,5028.0
2590,5947.17
2591,3618.74
2592,3367.5
2593,6315.58
2594,42133.37
2595,9426.35
2596,41777.28
2597,12699.36
2598,61791.83
2599,4545.75
2600,72338.31
2601,11577.45
2602,3735.61
2603,66603.43
2604,5448.93
2605,14722.81
2606,58238.59
2607,6707.27
2608,6205.6
2609,4662.7
2610,5720.23
2611,9287.67
2612,11752.7
2613,2738.09
2614,5951.1
2615,44847.35
2616,6866.31
2617,4983.02
2618,68505.49
2619,13927.3
2620,8564.06
2621,2746.9
2622,4014.76
2623,6466.78
2624,55111.97
2625,56985.16
2626,6754.69
2627,64743.04
2628,53331.4
2629,55177.55
2630,7051.15
2631,5518.37
2632,3700.16
2633,53171.84
2634,9307.34
2635,3249.19
2636,3984.35
2637,7445.92
2638,62545.76
2639,11692.94
2640,6223.44
2641,4051.41
2642,56653.75
2643,45591.79
2644,3767.32
2645,4554.31
2646,2494.73
2647,33273.87
2648,9556.72
2649,6446.67
2650,56991.26
2651,59367.9
2652,2333.73
2653,5376.58
2654,4319.69
2655,4767.32
2656,4747.75
2657,52586.79
2658,59066.56
2659,54672.3
2660,49872.0
2661,63609.19
2662,2091.82
2663,59259.19
2664,7635.0
2665,5292.9
2666,39367.17
2667,54641.48
2668,54684.0
2669,60100.82
2670,6235.6
2671,12797.96
2672,9152.13
2673,9574.45
2674,4314.31
2675,7320.13
2676,6343.45
2677,2406.88
2678,3310.33
2679,2469.7
2680,5437.84
2681,5517.19
2682,7840.11
2683,3037.13
2684,6242.56
2685,4784.88
2686,6385.99
2687,61591.85
2688,61171.03
2689,13448.77
2690,13721.22
2691,23852.96
2692,4510.0
2693,6770.83
2694,2315.33
2695,9949.65
2696,3086.85
2697,7244.84
2698,11364.19
2699,61382.79
2700,51576.46
2701,47641.47
2702,3085.33
2703,8112.19
2704,4493.62
2705,18216.9
2706,5862.77
2707,38042.12
2708,50027.41
2709,6108.86
2710,51925.66
2711,5028.44
2712,6045.37
2713,4774.73
2714,56615.22
2715,6294.34
2716,4608.85
2717,60637.76
2718,4185.71
2719,6210.77
2720,6381.67
2721,2414.04
2722,10555.26
2723,73104.76
2724,18989.8
2725,2950.32
2726,3071.27
2727,5881.62
2728,5056.05
2729,2732.84
2730,9076.63
2731,55321.47
2732,3377.68
2733,5760.42
2734,52803.89
2735,4683.57
2736,9322.66
2737,49627.08
2738,4535.98
2739,59033.15
2740,5586.8
2741,9042.38
2742,6695.65
2743,68634.99
2744,6311.12
2745,54095.02
2746,6367.95
2747,4095.23
2748,59125.28
2749,5616.18
2750,10396.89
2751,56940.32
2752,6764.2
2753,64552.67
2754,5610.75
2755,5946.89
2756,6057.13
2757,61952.35
2758,4291.42
2759,40407.65
2760,6120.47
2761,53157.54
2762,14233.34
2763,6507.33
2764,58536.62
2765,12214.74
2766,9123.27
2767,7988.48
2768,59275.84
2769,11195.67
2770,53121.11
2771,3364.17
2772,2817.57
2773,3356.35
2774,2916.66
2775,10519.69
2776,7860.66
2777,10747.71
2778,12148.7
2779,9496.13
2780,54099.38
2781,40774.49
2782,9561.59
2783,7636.16
2784,12195.45
2785,6490.3
2786,4405.87
2787,7505.83
2788,6551.0
2789,6312.79
2790,3077.39
2791,2350.38
2792,1837.93
2793,45672.0
2794,4504.6
2795,52790.6
2796,8552.84
2797,12923.18
2798,5716.63
2799,51627.38
2800,5688.87
2801,4330.0
2802,4156.6
2803,27988.32
2804,3587.75
2805,6038.17
2806,65310.58
2807,64817.86
2808,4618.6
2809,53707.32
2810,6228.22
2811,4417.69
2812,6068.0
2813,12619.85
2814,1794.58
2815,8489.09
2816,6931.67
2817,7080.71
2818,5562.74
2819,2808.36
2820,3742.92
2821,8096.4
2822,5159.71
2823,4604.83
2824,6397.41
2825,2597.31
2826,7891.29
2827,5271.03
2828,53879.14
2829,9439.31
2830,4475.34
2831,4568.03
2832,6345.34
2833,4801.46
2834,5236.22
2835,9859.82
2836,2050.69
2837,10460.02
2838,52913.26
2839,41131.76
2840,5599.81
2841,40176.14
2842,47134.77
2843,51922.28
2844,58072.5
2845,2564.34
2846,5085.07
2847,22140.12
2848,7331.76
2849,2877.38
2850,46387.68
2851,6329.76
2852,6332.32
2853,52663.98
2854,58382.26
2855,13163.0
2856,8353.17
2857,51535.98
2858,5094.85
2859,18453.16
2860,6563.38
2861,4628.58
2862,7297.88
2863,4468.77
2864,60261.82
2865,2916.03
2866,2728.5
2867,6150.32
2868,13912.74
2869,53166.94
2870,10666.42
2871,46592.83
2872,57764.56
2873,10154.64
2874,12202.45
2875,5941.08
2876,5942.61
2877,5613.63
2878,7630.42
2879,10971.98
2880,32153.44
2881,2776.57
2882,52318.9
2883,45598.85
2884,7267.12
2885,3863.36
2886,44368.89
2887,8301.23
2888,24180.84
2889,3109.59
2890,1694.3
2891,5581.42
2892,39608.59
2893,6065.11
2894,4395.95
2895,7919.29
2896,14047.61
2897,5882.92
2898,3684.14
2899,11468.02
2900,6225.31
2901,4358.58
2902,57459.45
2903,13173.24
2904,52346.45
2905,5290.66
2906,55356.04
2907,5375.29
2908,46892.01
2909,44280.0
2910,10950.65
2911,8257.15
2912,6030.59
2913,5795.73
2914,56117.28
2915,6226.07
2916,5274.07
2917,4935.28
2918,9887.94
2919,59400.54
2920,12377.265
2921,3112.14
2922,7818.79
2923,12721.62
2924,41313.67
2925,16410.11
2926,7610.4
2927,5211.11
2928,7956.36
2929,41699.94
2930,8085.5
2931,16878.51
2932,5722.98
2933,69261.1
2934,16963.09
2935,58246.88
2936,49123.31
2937,8930.93
2938,6698.61
2939,6014.72
2940,4499.81
2941,56476.0
2942,6437.3
2943,7836.93
2944,2512.54
2945,15692.23
2946,66543.84
2947,13557.0
2948,40967.98
2949,4227.34
2950,5962.07
2951,6154.71
2952,7543.74
2953,54608.0
2954,17192.21
2955,44236.96
2956,12111.2
2957,6278.53
2958,4772.79
2959,6821.17
2960,7769.03
2961,3849.12
2962,3094.17
2963,10997.71
2964,8346.44
2965,42457.0
2966,4205.31
2967,5547.63
2968,51985.63
2969,4929.41
2970,17862.41
2971,6238.03
2972,8126.17
2973,2328.69
2974,10277.26
2975,50875.42
2976,54711.48
2977,16845.66
2978,5091.23
2979,6813.45
2980,6549.53
2981,6506.23
2982,51755.89
2983,11935.54
2984,55590.69
2985,5458.82
2986,6424.1
2987,7936.72
2988,65112.92
2989,12663.485
2990,3598.01
2991,63632.28
2992,46091.63
2993,2549.89
2994,4413.31
2995,3097.17
2996,45472.37
2997,6162.55
2998,44265.59
2999,5959.5
3000,6009.27
3001,4602.09
3002,63189.2
3003,3846.35
3004,6208.66
3005,3242.38
3006,45763.58
3007,7240.55
3008,61975.63
3009,7102.67
3010,64431.81
3011,7152.78
3012,5194.5
3013,3054.64
3014,39113.58
3015,41314.0
3016,43480.14
3017,70215.49
3018,57629.8
3019,8928.19
3020,3596.52
3021,5080.36
3022,4842.23
3023,3084.91
3024,7242.93
3025,6511.53
3026,6958.3
3027,59713.82
3028,6821.29
3029,6423.19
3030,5603.84
3031,3994.98
3032,6120.7
3033,60217.56
3034,6055.46
3035,44679.84
3036,4618.835
3037,6079.23
3038,4774.86
3039,15376.39
3040,58985.45
3041,5880.37
3042,13251.36
3043,4131.16
3044,3981.95
3045,6958.05
3046,4270.04
3047,60471.46
3048,8493.7
3049,64291.72
3050,2144.38
3051,44731.91
3052,54798.43
3053,6517.51
3054,54634.41
3055,52495.85
3056,3658.54
3057,7771.72
3058,60347.5
3059,2410.62
3060,4456.72
3061,57226.48
3062,4810.96
3063,2836.05
3064,11117.37
3065,6267.53
3066,22731.26
3067,4516.33
3068,2241.87
3069,6379.1
3070,8584.61
3071,6130.39
3072,55862.77
3073,6698.1
3074,2578.34
3075,5410.12
3076,41210.09
3077,10181.31
3078,3889.13
3079,2408.11
3080,3469.14
3081,65141.01
3082,14599.08
3083,12287.36
3084,6543.3
3085,13559.51
3086,11533.1
3087,11023.63
3088,4416.8
3089,4616.62
3090,7639.34
3091,3406.03
3092,7288.02
3093,6185.26
3094,6529.37
3095,4320.62
3096,6611.0
3097,7322.73
3098,54684.0
3099,7276.96
3100,6147.65
3101,55769.43
3102,30802.48
3103,5467.12
3104,8636.83
3105,6679.8
3106,20651.81
3107,54015.7
3108,44001.97
3109,6737.34
3110,59548.07
3111,47843.53
3112,6019.64
3113,5402.4
3114,2301.92
3115,49865.22
3116,3677.49
3117,9147.4
3118,4309.5
3119,8911.51
3120,60057.07
3121,63974.04
3122,55706.86
3123,2948.19
3124,64191.96
3125,33107.86
3126,4154.66
3127,7072.48
3128,57018.28
3129,54553.0
3130,2196.13
3131,7350.11
3132,13784.52
3133,4666.37
3134,2386.74
3135,6571.27
3136,65443.82
3137,59641.92
3138,7882.45
3139,5081.42
3140,45993.08
3141,4488.39
3142,50271.0
3143,51693.95
3144,4909.59
3145,12824.41
3146,49028.69
3147,3012.56
3148,3978.61
3149,7135.44
3150,1765.43
3151,56881.73
3152,6667.75
3153,14274.49
3154,56697.65
3155,6552.738
3156,5537.13
3157,5351.92
3158,5955.63
3159,5532.5
3160,12330.063333333335
3161,4378.36
3162,41408.79
3163,80755.04
3164,6923.07
3165,13727.05
3166,5961.6
3167,1928.76
3168,38391.54
3169,6160.86
3170,6746.35
3171,4959.11
3172,13746.02
3173,11131.81
3174,5984.86
3175,5951.1
3176,6288.26
3177,4408.34
3178,3702.98
3179,7572.41
3180,10404.62
3181,64801.42
3182,48686.32
3183,16706.81
3184,2380.01
3185,3847.1
3186,4740.38
3187,4872.17
3188,7241.37
3189,4356.51
3190,5953.24
3191,50009.76
3192,59217.84
3193,41526.59
3194,60909.76
3195,52735.6
3196,6850.85
3197,5467.33
3198,38099.24
3199,72578.29
3200,63760.99
3201,9342.55
3202,9848.5
3203,7303.58
3204,12532.28
3205,30423.7
3206,6100.53
3207,66549.93
3208,4929.23
3209,77255.3
3210,6525.68
3211,5967.08
3212,4382.37
3213,4971.95
3214,5655.16
3215,54658.33
3216,4376.11
3217,24012.74
3218,6152.1
3219,4936.42
3220,35825.19
3221,47588.04
3222,4432.31
3223,49827.65
3224,5998.29
3225,5452.74
3226,60336.53
3227,6534.56
3228,4111.0
3229,4695.84
3230,7481.14
3231,8731.19
3232,4991.63
3233,8103.31
3234,4437.61
3235,12541.79
3236,2562.33
3237,4326.45
3238,5389.1
3239,2035.77
3240,4751.44
3241,4510.65
3242,6053.96
3243,5236.04
3244,61783.99
3245,38533.58
3246,54955.1
3247,58464.26
3248,5979.15
3249,10609.35
3250,10214.42
3251,46422.47
3252,5744.08
3253,70656.59
3254,5786.13
3255,4401.6
3256,5992.98
3257,69555.38
3258,53601.1
3259,6277.68
3260,4850.5
3261,34258.96
3262,2907.87
3263,6079.83
3264,13596.5
3265,5199.94
3266,3293.24
3267,2882.28
3268,6198.49
3269,2444.51
3270,7098.09
3271,2654.5
3272,14280.54
3273,6842.13
3274,5424.88
3275,6056.33
3276,22172.16
3277,3026.03
3278,58826.97
3279,52274.81
3280,6227.85
3281,5974.2
3282,6066.38
3283,7601.2
3284,4499.98
3285,5857.02
3286,4878.7
3287,12022.15
3288,4045.1
3289,10325.34
3290,8400.27
3291,48532.2
3292,9607.46
3293,11450.24
3294,58495.51
3295,58933.07
3296,51830.44
3297,4716.55
3298,6390.43
3299,4579.35
3300,5246.7
3301,14144.75
3302,7385.79
3303,55329.64
3304,3988.07
3305,5218.76
3306,4360.25
3307,5757.0
3308,45031.32
3309,4452.74
3310,40478.61
3311,5198.38
3312,39538.24
3313,11885.07
3314,5400.74
3315,6603.83
3316,28115.63
3317,6316.39
3318,10125.24
3319,56395.82
3320,5386.3
3321,2653.89
3322,5092.59
3323,4164.39
3324,3119.66
3325,7473.58
3326,3440.77
3327,48839.56
3328,14313.81
3329,4343.07
3330,6668.13
3331,12251.67
3332,3228.21
3333,7052.75
3334,7477.72
3335,54702.81
3336,60157.55
3337,14279.37
3338,4244.66
3339,62227.08
3340,5232.77
3341,9101.57
3342,4782.43
3343,2127.4
3344,2335.34
3345,41836.02
3346,57410.25
3347,12588.38
3348,3695.51
3349,66926.26
3350,57486.37
3351,4252.71
3352,6489.62
3353,5901.11
3354,5050.22
3355,8630.67
3356,6671.24
3357,6876.8
3358,12734.68
3359,2749.48
3360,57636.87
3361,39319.31
3362,4472.38
3363,11189.25
3364,2550.11
3365,5123.45
3366,7819.29
3367,7662.5
3368,13384.0
3369,5468.78
3370,8575.27
3371,3788.81
3372,1775.54
3373,31476.98
3374,8299.66
3375,56186.8
3376,49121.17
3377,8979.75
3378,4583.56
3379,56692.61
3380,57169.95
3381,5943.23
3382,2632.83
3383,9910.09
3384,2585.73
3385,3051.89
3386,66164.38
3387,5745.06
3388,13265.24
3389,9076.42
3390,4468.36
3391,57123.4
3392,33791.94
3393,41863.02
3394,65837.58
3395,54384.81
3396,57508.28
3397,2974.22
3398,2779.55
3399,50757.33
3400,5343.75
3401,60919.18
3402,59709.15
3403,8814.82
3404,14897.54
3405,19210.75
3406,5508.83
3407,15128.58
3408,6414.75
3409,8099.81
3410,56666.23
3411,4283.05
3412,10600.85
3413,2338.37
3414,2246.06
3415,57522.47
3416,8671.08
3417,52168.3
3418,67215.4
3419,5337.25
3420,5405.03
3421,8017.63
3422,15270.14
3423,4102.29
3424,8199.63
3425,55421.93
3426,22237.44
3427,18541.1
3428,54583.0
3429,6385.21
3430,54575.7
3431,3173.7
3432,5396.98
3433,4276.01
3434,5779.09
3435,4673.36
3436,12362.24
3437,59575.66
3438,12055.32
3439,5122.05
3440,4709.27
3441,6099.89
3442,11446.72
3443,54969.39
3444,4939.14
3445,8868.33
3446,44250.34
3447,6519.97
3448,6168.46
3449,56901.72
3450,4843.12
3451,5997.36
3452,4370.59
3453,44439.52
3454,3525.73
3455,12815.78
3456,51108.81
3457,50127.09
3458,13987.83
3459,60506.15
3460,51834.97
3461,2613.33
3462,6341.71
3463,2897.84
3464,5628.04
3465,60676.0
3466,4553.12
3467,5144.61
3468,44337.12
3469,62465.46
3470,1943.31
3471,56875.5
3472,68602.54
3473,58350.66
3474,55907.04
3475,22465.64
3476,13439.94
3477,4188.19
3478,12032.07
3479,60420.65
3480,4179.29
3481,4698.97
3482,41530.16
3483,42508.99
3484,27976.0
3485,62522.15
3486,6659.62
3487,13044.501666666665
3488,17220.43
3489,5492.33
3490,37002.11
3491,6617.0
3492,10980.14
3493,34382.04
3494,3024.99
3495,9418.74
3496,14780.38
3497,7381.08
3498,7276.27
3499,5711.34
3500,4740.26
3501,13860.7
3502,63039.81
3503,43329.8
3504,15470.83
3505,60102.86
3506,13722.91
3507,5897.3
3508,5099.23
3509,3291.57
3510,58211.92
3511,3605.34
3512,61888.26
3513,5575.58
3514,44474.73
3515,12178.2
3516,2679.79
3517,12721.0
3518,11166.66
3519,7896.69
3520,8240.15
3521,15010.22
3522,5996.77
3523,4935.61
3524,2475.51
3525,5534.67
3526,5279.17
3527,46639.4
3528,5405.27
3529,4423.31
3530,5341.19
3531,4209.59
3532,8874.21
3533,7547.12
3534,2875.16
3535,45297.37
3536,42704.69
3537,4548.97
3538,5558.9
3539,5937.5
3540,4744.34
3541,3194.07
3542,2050.53
3543,7168.33
3544,2240.66
3545,4240.39
3546,3209.96
3547,4075.23
3548,25986.28
3549,55530.12
3550,51655.54
3551,6326.29
3552,5473.17
3553,4287.54
3554,53050.73
3555,60506.88
3556,4230.81
3557,5019.71
3558,5946.9
3559,9484.94
3560,61478.89
3561,56582.58
3562,6967.33
3563,7209.86
3564,2965.12
3565,13896.63
3566,2539.14
3567,7311.46
3568,3980.1
3569,3672.72
3570,68302.33
3571,2572.26
3572,3824.07
3573,6769.33
3574,11864.79
3575,62972.22
3576,57038.23
3577,12984.81
3578,3886.0
3579,5466.12
3580,42426.2
3581,53735.98
3582,69541.34
3583,22348.36
3584,33337.11
3585,54098.99
3586,3810.17
3587,5762.45
3588,52676.68
3589,53468.99
3590,14162.91
3591,5070.59
3592,54336.06
3593,11389.39
3594,7675.71
3595,7631.76
3596,10870.51
3597,52724.19
3598,7431.36
3599,60099.75
3600,2338.45
3601,4241.23
3602,7657.15
3603,11528.99
3604,7741.78
3605,61016.32
3606,7995.11
3607,40151.43
3608,55157.15
3609,4812.92
3610,5810.42
3611,70012.74
3612,12265.39
3613,4530.16
3614,58492.24
3615,4711.49
3616,10990.12
3617,4189.02
3618,11922.95
3619,6866.12
3620,4341.19
3621,11594.02
3622,46323.52
3623,4719.55
3624,8076.28
3625,58861.47
3626,25279.48
3627,10721.42
3628,6649.81
3629,5845.15
3630,2531.75
3631,4660.22
3632,10897.14
3633,12988.83
3634,9109.9
3635,61045.11
3636,11572.39
3637,1891.69
3638,3664.23
3639,2922.19
3640,3927.45
3641,3418.32
3642,5753.14
3643,63509.62
3644,5316.9
3645,2975.41
3646,5314.83
3647,6657.91
3648,42003.88
3649,56796.99
3650,4762.89
3651,7065.09
3652,52287.0
3653,6642.81
3654,5621.9
3655,10203.09
3656,5858.03
3657,3228.15
3658,55270.57
3659,3772.58
3660,4279.81
3661,59990.29
3662,1792.17
3663,60351.87
3664,6225.26
3665,4547.32
3666,42592.09
3667,8673.84
3668,12565.43
3669,5006.28
3670,13685.2
3671,2585.88
3672,46796.94
3673,51256.53
3674,2906.99
3675,11688.5
3676,9515.87
3677,3772.93
3678,8987.98
3679,3442.7
3680,3718.66
3681,65297.56
3682,63820.26
3683,5970.01
3684,39828.28
3685,49277.06
3686,3416.76
3687,3721.91
3688,41847.09
3689,63803.52
3690,4625.64
3691,5645.64
3692,6423.71
3693,9362.62
3694,76354.4
3695,6441.67
3696,3702.49
3697,4471.39
3698,68874.06
3699,58231.11
3700,2420.17
3701,16386.731666666667
3702,6115.14
3703,1782.11
3704,4736.82
3705,5333.55
3706,14461.4
3707,7853.17
3708,4534.97
3709,8483.81
3710,33833.14
3711,55093.85
3712,55383.06
3713,14302.5
3714,2618.71
3715,6525.51
3716,4652.52
3717,8086.48
3718,10846.81
3719,4337.65
3720,24313.82
3721,4242.5
3722,4363.12
3723,7299.68
3724,4193.92
3725,63339.71
3726,62654.2
3727,4509.0
3728,55652.71
3729,12374.81
3730,8102.63
3731,6700.41
3732,2976.14
3733,4426.98
3734,5130.6
3735,61431.34
3736,3920.55
3737,14529.96
3738,9537.79
3739,6629.71
3740,54608.0
3741,60505.76
3742,8118.47
3743,8511.37
3744,23875.24
3745,54428.86
3746,9511.86
3747,73297.6
3748,7731.63
3749,7030.84
3750,6843.64
3751,5118.08
3752,52852.67
3753,11013.22
3754,64648.84
3755,4849.89
3756,31562.42
3757,7024.03
3758,7064.08
3759,6252.82
3760,9860.62
3761,4726.84
3762,2067.89
3763,66497.73
3764,51797.8
3765,3821.86
3766,2961.83
3767,2406.12
3768,51746.41
3769,49177.0
3770,4874.37
3771,6690.08
3772,3567.83
3773,6180.16
3774,9705.53
3775,3358.72
3776,7795.64
3777,5032.18
3778,4751.16
3779,5283.72
3780,42488.57
3781,5878.06
3782,12240.07
3783,51652.59
3784,9660.93
3785,14981.72
3786,54684.0
3787,54726.81
3788,55211.07
3789,13960.43
3790,2484.96
3791,4350.97
3792,56715.52
3793,11558.12
3794,37079.9
3795,5000.35
3796,5187.39
3797,12550.23
3798,38514.33
3799,23205.56
3800,5755.0
3801,5817.25
3802,8727.28
3803,28156.57
3804,9963.05
3805,7611.42
3806,6732.71
3807,6009.94
3808,8354.72
3809,5159.57
3810,56578.22
3811,53349.38
3812,55070.11
3813,45980.11
3814,9166.07
3815,5239.68
3816,2345.57
3817,51671.8
3818,44361.28
3819,2485.33
3820,3815.92
3821,7602.47
3822,54608.0
3823,2687.84
3824,33263.68
3825,5972.98
3826,39502.48
3827,41180.63
3828,6854.8
3829,12506.85
3830,12637.07
3831,6526.38
3832,6083.88
3833,5479.56
3834,4916.05
3835,40524.39
3836,4847.47
3837,34899.36
3838,54623.98
3839,8283.19
3840,2237.08
3841,53068.21
3842,62730.27
3843,5962.11
3844,28099.52
3845,59214.64
3846,5612.24
3847,37520.26
3848,7200.99
3849,6429.48
3850,3169.7
3851,3076.83
3852,6059.86
3853,45399.95
3854,7189.73
3855,5014.04
3856,59157.15
3857,6019.54
3858,6384.37
3859,13247.65
3860,5197.92
3861,10230.39
3862,3024.83
3863,51714.13
3864,3650.44
3865,45975.28
3866,25264.68
3867,8394.58
3868,4574.41
3869,22857.44
3870,3182.75
3871,51703.53
3872,4426.0
3873,6368.225
3874,33013.02
3875,6983.44
3876,6000.67
3877,7113.69
3878,6535.79
3879,13420.74
3880,49379.17
3881,9686.56
3882,10461.29
3883,7529.01
3884,6883.91
3885,60260.0
3886,4841.67
3887,27987.2
3888,10476.04
3889,2523.51
3890,4711.15
3891,5819.29
3892,5422.88
3893,6917.51
3894,10209.82
3895,39538.82
3896,2064.62
3897,6657.98
3898,3105.69
3899,4413.17
3900,7105.39
3901,12109.91
3902,5140.99
3903,55355.02
3904,47600.03
3905,57995.08
3906,4386.9
3907,50420.42
3908,60978.76
3909,59502.19
3910,6068.35
3911,3354.81
3912,4120.91
3913,4564.57
3914,5283.17
3915,12743.41
3916,7114.27
3917,7056.2
3918,60508.0
3919,10387.61
3920,67619.93
3921,51640.99
3922,32403.38
3923,4824.45
3924,7847.92
3925,57182.97
3926,8015.24
3927,2516.44
3928,7933.18
3929,5829.41
3930,4576.85
3931,4932.36
3932,6050.58
3933,4064.11
3934,5741.64
3935,4833.01
3936,2083.88
3937,7876.49
3938,7208.14
3939,6621.43
3940,6158.35
3941,6198.51
3942,5569.68
3943,43123.52
3944,55125.22
3945,2800.81
3946,12507.45
3947,8915.17
3948,61506.15
3949,5034.79
3950,7016.72
3951,3748.88
3952,6233.13
3953,9415.15
3954,7253.43
3955,1902.32
3956,52995.76
3957,10900.03
3958,3789.87
3959,7592.84
3960,5343.42
3961,58807.89
3962,6177.77
3963,5801.37
3964,58068.27
3965,6309.88
3966,5431.02
3967,9441.83
3968,5450.245
3969,5866.41
3970,57483.11
3971,2848.05
3972,3423.76
3973,7179.59
3974,8173.19
3975,5835.79
3976,39294.21
3977,42290.19
3978,51197.2
3979,4722.79
3980,61622.59
3981,55276.11
3982,12000.57
3983,46713.68
3984,4084.23
3985,5685.62
3986,28521.02
3987,42845.15
3988,8385.73
3989,24241.96
3990,6222.73
3991,4515.54
3992,2758.96
3993,4837.58
3994,3872.1
3995,3633.03
3996,2725.19
3997,57455.67
3998,7867.85
3999,5112.94
4000,60441.14
4001,51311.06
4002,71785.09
4003,6403.86
4004,9477.81
4005,4446.38
4006,3191.61
4007,13543.26
4008,7873.65
4009,4870.34
4010,7927.1
4011,6838.57
4012,68343.41
4013,4401.71
4014,56596.24
4015,9347.34
4016,6016.14
4017,4770.78
4018,32589.97
4019,5233.02
4020,59249.31
4021,4317.07
4022,56800.32
4023,6976.3
4024,6008.01
4025,73077.25
4026,10621.7
4027,7391.6
4028,41701.5
4029,55304.15
4030,55362.98
4031,12464.356666666665
4032,49691.16
4033,2596.01
4034,3516.68
4035,42106.24
4036,2343.82
4037,11372.53
4038,55619.31
4039,5703.95
4040,9652.933333333334
4041,5174.57
4042,3580.43
4043,4526.81
4044,16420.76
4045,6146.72
4046,8307.78
4047,5474.26
4048,7999.3
4049,4272.92
4050,5880.26
4051,23269.86
4052,45176.34
4053,38099.24
4054,3914.75
4055,9822.78
4056,6029.96
4057,2887.5
4058,4631.62
4059,38120.67
4060,7677.29
4061,6768.54
4062,72536.75
4063,5507.32
4064,4741.68
4065,45906.8
4066,10713.44
4067,2541.52
4068,4658.63
4069,2033.15
4070,11694.52
4071,54734.46
4072,59492.5
4073,3225.9
4074,5123.28
4075,13867.72
4076,11530.32
4077,10938.58
4078,48712.68
4079,4701.38
4080,5346.63
4081,12592.11
4082,9692.55
4083,3118.13
4084,4736.54
4085,55190.4
4086,3849.86
4087,11346.07
4088,5944.01
4089,74127.64
4090,7340.19
4091,10518.61
4092,7879.78
4093,7865.15
4094,5648.26
4095,4120.59
4096,53688.55
4097,5567.87
4098,57692.68
4099,59218.59
4100,45876.02
4101,4049.26
4102,3102.09
4103,4519.59
4104,7872.94
4105,69316.75
4106,53302.12
4107,12529.78
4108,9674.9
4109,47133.56
4110,5610.72
4111,83290.24
4112,6769.5
4113,6041.92
4114,15529.37
4115,6931.67
4116,5436.85
4117,62916.79
4118,15726.58
4119,37902.35
4120,4970.37
4121,52080.39
4122,12704.55
4123,57035.13
4124,3930.71
4125,4063.11
4126,3289.2
4127,57710.63
4128,1483.29
4129,12641.63
4130,67810.56
4131,8398.26
4132,44281.76
4133,56155.21
4134,48202.64
4135,4435.3
4136,2178.89
4137,64467.92
4138,59210.66
4139,3437.13
4140,56653.77
4141,4242.22
4142,7705.2
4143,60194.73
4144,6690.34
4145,12292.1
4146,10626.06
4147,5646.75
4148,7091.16
4149,6185.23
4150,4266.07
4151,4732.05
4152,55387.33
4153,6951.84
4154,2842.5
4155,1904.03
4156,8254.52
4157,6892.4
4158,4496.61
4159,7360.81
4160,7858.52
4161,5538.69
4162,3395.2
4163,52675.43
4164,16681.98
4165,6270.96
4166,54988.41
4167,2560.27
4168,4475.54
4169,2134.76
4170,11258.13
4171,4815.88
4172,73259.38
4173,10961.42
4174,5951.1
4175,4707.45
4176,58251.05
4177,67326.01
4178,6618.67
4179,3647.82
4180,10854.56
4181,41346.01
4182,62877.94
4183,6015.42
4184,44144.0
4185,60692.14
4186,3989.4
4187,9923.57
4188,6471.16
4189,4123.9
4190,58647.3
4191,45233.46
4192,3281.49
4193,57442.67
4194,60633.26
4195,60364.74
4196,4894.03
4197,8060.85
4198,2482.43
4199,59816.11
4200,3016.19
4201,51189.01
4202,22225.46
4203,6922.11
4204,5873.22
4205,5737.5
4206,4967.81
4207,33668.32
4208,4754.61
4209,13514.96
4210,41863.76
4211,4399.77
4212,7211.29
4213,8296.73
4214,5352.34
4215,7042.89
4216,49611.54
4217,11080.82
4218,6806.77
4219,6326.95
4220,10668.16
4221,5044.39
4222,4114.44
4223,67530.2
4224,5677.68
4225,7827.66
4226,45477.48
4227,57535.75
4228,3478.11
4229,46200.64
4230,4667.24
4231,59541.12
4232,5815.38
4233,4969.03
4234,11412.79
4235,50419.0
4236,5836.57
4237,10513.55
4238,5650.33
4239,54485.98
4240,13167.23
4241,9839.78
4242,2747.45
4243,4960.3
4244,6934.39
4245,6567.55
4246,3409.56
4247,6269.54
4248,5876.73
4249,3339.71
4250,56756.87
4251,11264.71
4252,7548.89
4253,3492.47
4254,41243.06
4255,2740.68
4256,4171.91
4257,4371.67
4258,5750.58
4259,68402.37
4260,58749.95
4261,2773.25
4262,4042.4
4263,49333.74
4264,3031.91
4265,5451.31
4266,6228.75
4267,42661.05
4268,38327.72
4269,80206.71
4270,11120.02
4271,24069.16
4272,4452.47
4273,2770.14
4274,4202.29
4275,8245.01
4276,5967.83
4277,3802.57
4278,12662.91
4279,48360.09
4280,5429.26
4281,5187.89
4282,6728.84
4283,11371.25
4284,62595.03
4285,6486.82
4286,1766.3
4287,9224.03
4288,56021.15
4289,53675.15
4290,17942.42
4291,8828.77
4292,5431.23
4293,31510.35
4294,6371.79
4295,5863.26
4296,51930.96
4297,17466.56
4298,46664.21
4299,55536.82
4300,44280.0
4301,67735.62
4302,5144.31
4303,19124.56
4304,51052.86
4305,7209.39
4306,88065.61
4307,6589.23
4308,2437.45
4309,58246.44
4310,44860.72
4311,51636.53
4312,27824.32
4313,53844.59
4314,6245.45
4315,60279.72
4316,6069.48
4317,66966.04
4318,55276.11
4319,4780.88
4320,5561.66
4321,7712.34
4322,16595.44
4323,11475.52
4324,66692.71
4325,6664.35
4326,6072.01
4327,5881.46
4328,49553.0
4329,69210.62
4330,5408.56
4331,8534.52
4332,6530.9
4333,44144.0
4334,8298.59
4335,2875.8
4336,77761.81
4337,3705.83
4338,2349.02
4339,50117.2
4340,6329.56
4341,36926.95
4342,4639.82
4343,55104.2
4344,61032.66
4345,5787.06
4346,6014.65
4347,5584.22
4348,3331.49
4349,14747.51
4350,60402.85
4351,5833.14
4352,4491.18
4353,67863.14
4354,4461.49
4355,9142.71
4356,46510.09
4357,49760.55
4358,3730.1
4359,13345.56
4360,4434.8
4361,48118.81
4362,44463.83
4363,4252.5
4364,47955.5
4365,71171.24
4366,61039.62
4367,39156.71
4368,5955.57
4369,42172.52
4370,1391.64
4371,6843.77
4372,65402.61
4373,5699.19
4374,8168.42
4375,58211.66
4376,4236.11
4377,11854.61
4378,33139.98
4379,69731.69
4380,3530.27
4381,60260.0
4382,10487.69
4383,1484.4
4384,70084.72
4385,4562.59
4386,5567.85
4387,4465.5
4388,6264.71
4389,4457.75
4390,11362.5
4391,4528.15
4392,5004.19
4393,6631.86
4394,5972.22
4395,4968.7
4396,61572.92
4397,51194.2
4398,37985.0
4399,69414.85
4400,4680.86
4401,16633.1
4402,62648.11
4403,5857.43
4404,6549.42
4405,1712.76
4406,40632.53
4407,58277.21
4408,5799.58
4409,4241.95
4410,6371.75
4411,4734.39
4412,3785.58
4413,46819.42
4414,4747.23
4415,4950.26
4416,7405.98
4417,55766.19
4418,5002.38
4419,55330.39
4420,51383.84
4421,7356.69
4422,63111.94
4423,5977.75
4424,5330.33
4425,4042.39
4426,38156.36
4427,2328.59
4428,10468.86
4429,6214.62
4430,46838.23
4431,10342.634
4432,10478.15
4433,6637.73
4434,51933.81
4435,33573.33
4436,2976.39
4437,3192.95
4438,5189.0
4439,5896.81
4440,6392.11
4441,5960.38
4442,13882.92
4443,18626.37
4444,3496.45
4445,38585.51
4446,4493.03
4447,12373.01
4448,3441.89
4449,3611.12
4450,41638.3
4451,5658.09
4452,10465.99
4453,4806.29
4454,8298.2
4455,6403.87
4456,3452.6
4457,6274.75
4458,41377.45
4459,7022.44
4460,5954.43
4461,12134.26
4462,5535.01
4463,6961.6
4464,6240.52
4465,5789.61
4466,9681.6
4467,51817.0
4468,23969.56
4469,10640.46
4470,3193.54
4471,45373.7
4472,7883.22
4473,4772.1
4474,4804.99
4475,46398.88
4476,8337.8
4477,70744.58
4478,4928.84
4479,3355.81
4480,4961.46
4481,58285.36
4482,5315.08
4483,2539.2
4484,30216.98
4485,49688.65
4486,3804.53
4487,11216.79
4488,3000.96
4489,3623.71
4490,44250.34
4491,44199.47
4492,55194.25
4493,7814.03
4494,52722.06
4495,7961.84
4496,53224.61
4497,72176.68
4498,22140.0
4499,56490.59
4500,57857.47
4501,9082.86
4502,6261.54
4503,9029.43
4504,3788.75
4505,11326.07
4506,53960.37
4507,5331.26
4508,5372.73
4509,57018.28
4510,53160.74
4511,4844.46
4512,6616.01
4513,6319.23
4514,5484.78
4515,26848.92
4516,5661.19
4517,64264.16
4518,4816.9
4519,6790.88
4520,6357.38
4521,14776.13
4522,6295.64
4523,5726.45
4524,11001.58
4525,5907.68
4526,5159.09
4527,5045.97
4528,15071.35
4529,4046.02
4530,2201.58
4531,4503.31
4532,13394.38
4533,56856.39
4534,8198.48
4535,55365.67
4536,58507.01
4537,4445.46
4538,5405.23
4539,5145.71
4540,8069.75
4541,6874.33
4542,12109.05
4543,53662.29
4544,28210.3
4545,6840.59
4546,44144.0
4547,54608.0
4548,64631.29
4549,4951.22
4550,4983.24
4551,4274.62
4552,6355.06
4553,12550.68
4554,24365.48
4555,8953.77
4556,51479.98
4557,13300.49
4558,12877.23
4559,39640.3
4560,66800.1
4561,7283.0
4562,5556.35
4563,7231.35
4564,4159.23
4565,39899.48
4566,5928.45
4567,12081.2
4568,4695.37
4569,4280.76
4570,4124.37
4571,6023.35
4572,6334.36
4573,7155.24
4574,2433.19
4575,6434.54
4576,5352.35
4577,6080.45
4578,6113.1
4579,2010.4
4580,7978.22
4581,5078.95
4582,52321.18
4583,4140.77
4584,52461.72
4585,3074.74
4586,3119.07
4587,9826.14
4588,57083.26
4589,4028.8
4590,49793.25
4591,10743.1
4592,9815.83
4593,3312.35
4594,38802.95
4595,3593.41
4596,5347.38
4597,8036.52
4598,4318.97
4599,2605.67
4600,6341.0
4601,45779.13
4602,13700.11
4603,55816.13
4604,7587.56
4605,40755.55
4606,7507.92
4607,3338.24
4608,9764.76
4609,4197.21
4610,6683.42
4611,46641.22
4612,73356.91
4613,3995.54
4614,1741.33
4615,56588.0
4616,2299.24
4617,3616.25
4618,4385.81
4619,43806.27
4620,2654.8
4621,9382.45
4622,2778.23
4623,1955.6
4624,9249.94
4625,13745.44
4626,9601.77
4627,38612.33
4628,3279.26
4629,6464.84
4630,9859.0
4631,5607.84
4632,8185.78
4633,67665.26
4634,51937.72
4635,8050.34
4636,53238.37
4637,10549.65
4638,12698.09
4639,39262.02
4640,3629.61
4641,5431.09
4642,8068.51
4643,52290.32
4644,11323.76
4645,3611.75
4646,9490.69
4647,52494.41
4648,2600.22
4649,72211.48
4650,55603.45
4651,13004.78
4652,4174.7
4653,12534.66
4654,47799.77
4655,12219.44
4656,58671.03
4657,64383.37
4658,10288.04
4659,5168.48
4660,55966.67
4661,5051.89
4662,69223.87
4663,15111.89
4664,53577.35
4665,52674.12
4666,4774.01
4667,7038.42
4668,15171.45
4669,5713.03
4670,11384.53
4671,61407.0
4672,10261.87
4673,57452.75
4674,5680.48
4675,55528.65
4676,4211.55
4677,56570.78
4678,42111.99
4679,74337.98
4680,6883.54
4681,4816.43
4682,22795.24
4683,15226.69
4684,59060.9
4685,50468.28
4686,6550.05
4687,44113.2
4688,5505.35
4689,70307.61
4690,10886.65
4691,13980.6
4692,6311.19
4693,51958.86
4694,6309.91
4695,58375.83
4696,6406.33
4697,50919.1
4698,21167.72
4699,22665.66
4700,61998.79
4701,7029.52
4702,6154.39
4703,4434.83
4704,13041.0
4705,9195.02
4706,6120.64
4707,5240.04
4708,2124.0
4709,53044.52
4710,2720.05
4711,6284.84
4712,6609.51
4713,13353.47
4714,6347.63
4715,38359.4
4716,6759.58
4717,3519.75
4718,30121.53
4719,33136.23
4720,52720.03
4721,39235.73
4722,15167.53
4723,30576.73
4724,32892.1
4725,5781.45
4726,5692.5
4727,6524.17
4728,45883.0
4729,4728.88
4730,51860.88
4731,8755.85
4732,67858.93
4733,53337.81
4734,6878.73
4735,53817.26
4736,5389.17
4737,5842.53
4738,43068.02
4739,4710.78
4740,8452.35
4741,46762.6
4742,2991.74
4743,2413.99
4744,5171.39
4745,10314.33
4746,4810.87
4747,51797.8
4748,53084.6
4749,44913.94
4750,6180.16
4751,76204.69
4752,12118.78
4753,6836.57
4754,65156.68
4755,8063.85
4756,3045.69
4757,8414.04
4758,7032.57
4759,2227.88
4760,73047.43
4761,5772.29
4762,42856.55
4763,8467.1
4764,4646.5
4765,10809.91
4766,61633.26
4767,66365.77
4768,63042.77
4769,8282.73
4770,8609.29
4771,4486.23
4772,2629.97
4773,9269.66
4774,53330.28
4775,4386.32
4776,4790.06
4777,51797.8
4778,69574.18
4779,42207.49
4780,3904.05
4781,51425.7
4782,5682.72
4783,41794.39
4784,40967.98
4785,34807.52
4786,5871.88
4787,4715.97
4788,44057.56
4789,6131.23
4790,41970.6
4791,56957.99
4792,8943.78
4793,52292.26
4794,6328.76
4795,81371.67
4796,23928.06
4797,44280.0
4798,9366.1
4799,5058.57
4800,5358.85
4801,3082.15
4802,4514.79
4803,6898.16
4804,6426.02
4805,45961.0
4806,6260.94
4807,4562.27
4808,3260.41
4809,3053.64
4810,5430.15
4811,9392.58
4812,47100.14
4813,6043.24
4814,2664.3
4815,17575.57
4816,7453.46
4817,2916.81
4818,3864.24
4819,3607.24
4820,3005.72
4821,43435.96
4822,64009.84
4823,5074.65
4824,10434.92
4825,8383.28
4826,52021.21
4827,6545.35
4828,5085.63
4829,6009.58
4830,5808.13
4831,7314.94
4832,5903.31
4833,40488.5
4834,5999.2
4835,5957.9
4836,23448.82
4837,54993.86
4838,5210.06
4839,6453.15
4840,57320.35
4841,51776.75
4842,5693.8
4843,51212.72
4844,15862.21
4845,53386.34
4846,5539.8
4847,5687.09
4848,2754.67
4849,43846.54
4850,3032.32
4851,3089.22
4852,6351.83
4853,11789.2
4854,15702.16
4855,4082.73
4856,4128.32
4857,6631.77
4858,5478.4
4859,4320.77
4860,54443.28
4861,7557.78
4862,6305.72
4863,8938.0
4864,41508.12
4865,4150.55
4866,5185.31
4867,2987.6
4868,4654.1
4869,5575.48
4870,6854.02
4871,52180.25
4872,6001.63
4873,11075.88
4874,45031.32
4875,56926.52
4876,5716.77
4877,6116.75
4878,2713.32
4879,42806.12
4880,7054.93
4881,15041.7
4882,37985.0
4883,10205.77
4884,55849.46
4885,60288.2
4886,3432.08
4887,2433.11
4888,8335.23
4889,3305.15
4890,1781.18
4891,56299.48
4892,6155.53
4893,15583.1
4894,7965.52
4895,6871.1
4896,6919.32
4897,12106.8
4898,3702.39
4899,42925.93
4900,5749.93
4901,5891.02
4902,9399.21
4903,6519.97
4904,32905.97
4905,4798.99
4906,65597.05
4907,4599.76
4908,62634.6
4909,2223.3
4910,4723.04
4911,4864.03
4912,6289.35
4913,8007.74
4914,6176.57
4915,62419.71
4916,2485.86
4917,49598.68
4918,49636.19
4919,7509.95
4920,2500.72
4921,74131.88
4922,6499.91
4923,66673.94
4924,6085.18
4925,5863.31
4926,33226.55
4927,11468.58
4928,5511.59
4929,6222.37
4930,56737.35
4931,52127.81
4932,5220.03
4933,4517.07
4934,14580.9
4935,7834.38
4936,5200.35
4937,5986.52
4938,5876.62
4939,46041.01
4940,6112.01
4941,4461.78
4942,5669.66
4943,6042.46
4944,58876.68
4945,55229.48
4946,5379.93
4947,32555.7
4948,8288.54
4949,4112.73
4950,4273.15
4951,37985.0
4952,4026.94
4953,48441.71
4954,2472.31
4955,4261.52
4956,5502.33
4957,4192.09
4958,4631.16
4959,6858.37
4960,4400.29
4961,6292.09
4962,12989.6
4963,4859.09
4964,11830.83
4965,4319.16
4966,56431.87
4967,65776.03
4968,4027.6
4969,2995.42
4970,12618.15
4971,4482.28
4972,4035.9
4973,14059.12
4974,7576.98
4975,7069.0
4976,52259.36
4977,7110.42
4978,3403.54
4979,5177.34
4980,46030.12
4981,5334.33
4982,4095.79
4983,13366.86
4984,3353.64
4985,6509.36
4986,5959.79
4987,3644.98
4988,6437.1
4989,49553.0
4990,28018.89
4991,17666.56
4992,54684.0
4993,7557.22
4994,10509.04
4995,6001.9
4996,59672.69
4997,4628.42
4998,50462.66
4999,49470.75
5000,66855.91
